brokerage_quartile,mean_in_degree,ci_lo,ci_hi,n
"(-0.001, 0.0528]",0.3824709392037856,0.37209749999999997,0.45430249999999994,58326
