Feature,Importance,Color
has_abstract,0.013695463449048064,#2563EB
is_oa,0.01710068710552174,#2563EB
log_n_authors,0.08295159541895442,#2563EB
log_n_references,0.18077629731380948,#2563EB
log_early_cites,0.33917216717056464,#16A34A
title_length,0.3663037895421018,#2563EB
